[{
	"Student name": "John",
	"College name": "SVVR Groups of institutions",
	"Branch": "ECE",
	"Pass out year": 2015,
	"Percentage": 65
}, {
	"Student name": "Sam",
	"College name": "SVVR Groups of institutions",
	"Branch": "ECE",
	"Pass out year": 2015,
	"Percentage": 65
}, {
	"Student name": "Paul",
	"College name": "SVVR Groups of institutions",
	"Branch": "ECE",
	"Pass out year": 2015,
	"Percentage": 65
}, {
	"Student name": "Arsh",
	"College name": "SVVR Groups of institutions",
	"Branch": "ECE",
	"Pass out year": 2015,
	"Percentage": 65
}]